,Audio,text
0,Eu acredito que as medições oficiais ajudam aumentar é posições extremistas e incentivar posições extremistas num primeiro momento quando as mídias sociais surgiram alguns especialistas falavam que as mídias sociais não aumentavam é violência o extremismo é de modo geral apenas dava voz aquilo que já existia é no nosso dia a dia. Porém com o passar do tempo a gente começa a perceber que se impõe é como facilitam encontro é e a criação de comunidades onde as pessoas conseguem ter voz encontrar suas audiências então de certa forma facilita sim é o encontro dessas pessoas que já têm determinados opiniões é extremistas e também facilita com que elas fiquem cada vez mais numa bolha é cada vez mais você vais conectando com pessoas que você tem afinidade e acaba ficando o é isolado sem é a acesso a outras opiniões e isso vai alimentando cada vez mais é posições extremistas e hoje em dia é muito. Não existem só perfis. É também respício às reais e tem vinte muita mídia sintética é perfis que são criados para a é alavancar o tipo de opiniões então cada vez mais com um é hua o avanço da inteligência artificial. É essas mídias sintéticas é e x que são criados só para atrair esse tipo de pini opinião fomentada terminados tipos de opinião não ficar cada vez mais ativos também nas redes sociais.,acreditar medicoes oficiais ajudar aumentar posicoes extremistas incentivar posicoes extremistas primeiro momento midias sociais surgir alguns especialistas falar midias sociais aumentar violencia extremismo modo geral apenas dar voz existir dia dia porem passar tempo gente comeca perceber impor facilitar encontro criacao comunidades onde pessoas conseguir voz encontrar audiencias entao certa forma facilita encontro d pessoas tem determinar opinioes extremistas facilita ficar cada vez bolha cada vez vais conectar pessoas afinidade acaba ficar isolar acesso outras opinioes alimentar cada vez posicoes extremistas hoje dia existir perfis respicio s reais vinte muita midia sintetica perfis criar alavancar tipo opinioes entao cada vez hua avanco inteligencia artificial midias sinteticas x criar atrair tipo pini opiniao fomentar terminados tipos opiniao ficar cada vez ativos redes sociais
1,Acho que as sanções municiados por que elas passam muito tempo nas redes sociais a lança carmo sendo influenciadas pelas opiniões de outras pessoas tendeu tipo assim. Um exemplo se o irã postasse alguma coisa ana semana que os estados unidos atacou o que no seu que que tava indo para atacar. A população do irã e está contra o estados unidos né e. Os estados unidos a população isca contra o irã. Entendeu o outro exemplo é tipo sim agressão de que teve no bolsão mário dos me dezoito os muitos pessoas falavam que o peter que mando a é o cano anos agrediu russomano. Um mas provoca.,achar sancoes municiar passar tempo redes sociais lanca carmo ser influenciadas opinioes outras pessoas tender tipo assim exemplo ira postar alguma ana semana estados unidos atacar tava ir atacar populacao ira contra estados unidos ne e. estados unidos populacao isca contra ira entender outro exemplo tipo agressao bolsao mario dezoito muitos pessoas falar peter mandar cano anos agredir russomano provocar
2,Vão quando gente fala de internet a gente tem. Um um assunto complicado é a nossa vida porque ao mesmo tempo que essa essa rede ajudou muito na trocas de informações e dados e conhecimentos como nunca antes ela também é dissemina algo perigoso alvo o que permite que seja compartilhada a falta de informações permite que seja compartilhada ódio gratuito permite que seja compartilhada posições é. Até a extremistas porque ela não tem um um um filtro que te impede de dizer o que você quer então ao mesmo tempo que você pode é a essas é a fé afirmar coisas. Com um total propriedade de com base em estudos com base em pesquisas também pode afirmar coisas sem ter base de ou preparação nem uma para dizer aquilo e quando você se esconde em algo que a internet nos oferece que é um anonimato seguro fica ainda mais fácil disseminar a tudo aquilo que não é ético mente correto porque no fim você essa mas um entrou e ninguém realmente sabe quem você é e a internet também é aumentou algo que foi e como disse e a disseminação de notícias falsas é de é informações duvidosas e isso muitas vezes é não leva as pessoas a polarizar em questões é a a tomarem uma opinião que não é delas que é de algum influências ou de alguma alguma pessoa que relevante na mídia e assumirem esse idéia e cada vez mais vinte vai polarizando lados há anos com o surgimento de ressocializar também a gente tem visto como surgiram intrigas principalmente na época de eleições e agora nesse período político pouco delicado como surgem intrigas entre internautas e como eles cada vez mais é polarizam e muitas vezes de polarizam. O o assunto em questão e levam suas idéias pela dos extremistas baseados em políticas baseados vinho é idéias e ideais próprios que não tem uma base de pesquisa é puramente dita isso é em si ao muito perigoso quando é amplificado pelas inundações de notícias falsas quando é amplificado por uma região muito grande tronos por o jornalismo que atualmente é falho então um de um jeito ou de outras especiais mesmo que boas para causar discussões as também trouxeram isto do de uma polarização extremista de idéias e opiniões que não são mais discutidos como onde.,vao gente falir internet gente assunto complicar vida tempo rede ajudar trocas informacoes dados conhecimentos nunca antes dissemina algo perigoso alvo permitir compartilhar falta informacoes permitir compartilhar odio gratuito permitir compartilhar posicoes extremistas filtro impedir dizer querer entao tempo fe afirmar total propriedade base estudos base pesquisas afirmar base preparacao dizer esconder algo internet oferecer anonimato seguro ficar ainda facil disseminar etico mente correto fim entrar ninguem realmente saber internet aumentar algo dizer disseminacao noticias falsas informacoes duvidosas muitas vezes levar pessoas polarizar questoes tomar opiniao d algum influencias alguma alguma pessoa relevante midia assumir ideia cada vez vinte polarizar lados anos surgimento ressocializar gente vestir surgir intrigas principalmente epoca eleicoes agora periodo politico pouco delicado surgir intrigas internautas cada vez polarizam muitas vezes polarizam assunto questao levar ideias extremistas basear politicas basear vinho ideias ideais proprios base pesquisa puramente dizer si perigoso amplificar inundacoes noticias falsas amplificar regiao grande tronos jornalismo atualmente falho entao jeito outras especiais bom causar discussoes trazer polarizacao extremista ideias opinioes discutir onde
3,Acredito que sim uma vez que as posições extremistas são ocasionadas sempre movimentos sociais e políticos estão diretamente ligados ao meio e a sociedade que a gente vive na. Ana hoje as redes sociais fossem presentes na vida das pessoas de liberdade de de expressão se manifesta nessas regiões meio dia sociedade que gente vive a influência ano nessa rede essa influenciação faz com que quando alguém não concorde com a opinião das pessoas que convivem na sua volta sim de vido ele simplesmente por não concordar com o grupo de pode ser excluído desse grupo então com isso ele costuma atender a ter as mesmas opiniões que as pessoas que ele convive e com a pressão da sociedade é uma e o medo de ser excluído do grupo de pessoas acabam se tornando radicais extremistas principalmente com a influência da rede social.,acreditar vez posicoes extremistas ocasionar sempre movimentos sociais politicos diretamente ligar meio sociedade gente viver ana hoje redes sociais presentes vida pessoas liberdade expressao manifesta regioes meio dia sociedade gente viver influencia ano rede influenciacao fazer alguem concordar opiniao pessoas conviver volta vidar simplesmente concordar grupo ser excluir d grupo entao costuma atender mesmas opinioes pessoas conviver pressao sociedade medo ser excluir grupo pessoas acabam tornar radicais extremistas principalmente influencia rede social
4,Eu assistia as posições extremistas sempre existirão nos últimos anos a gente tem tido crescimento dessas posições com mais freqüência esse não é à toa para minhas redes sociais deram voz uma legião de pessoas os cem claro que jamais a gente pode ver alisar mas muito das pessoas encontraram nas redes sociais local para se manifestar porque não ficarem caladas a dependendo dos de beck dos seus posts na muita gente é parte para covardia mas resumindo não acho que essas posições extremistas aumentaram nos últimos tempos as quela sempre existiram a diferença é que agora de tem as rede sociais que transmitem essas mensagens desse tipo para um número cada vez maior de pessoas e por isso a gente pode ter essa sensação de que tacada que toque de acrescente as a as suas posições.,assistir posicoes extremistas sempre existir ultimos anos gente ter crescimento d posicoes frequencia toar redes sociais dar voz legiao pessoas cem claro jamais gente alisar pessoas encontrar redes sociais local manifestar ficar calar depender beck posts muita gente parte covardia resumir achar posicoes extremistas aumentar ultimos tempos quela sempre existir diferenca agora rede sociais transmitir mensagens d tipo numero cada vez maior pessoas gente sensacao tacar toque acrescente posicoes
5,Ola vavá que vinham acho que há uma que aumenta as fusões misto que os na internet diversos sucessos como twitter pênfigo tão pessoas plantão sem que ninhos e isso gera uma receita que news e mobilizar o boa parte dessas flores alecrim verdade nem sempre é.,ola vava vir acho aumentar fusoes misto internet diversos sucessos twitter penfigo pessoas plantao ninhos gerar receita news mobilizar boa parte d flores alecrim verdade sempre
6,Acredito que as redes sociais digitais ajudam aumentar posições extremistas o incentivo da intolerância nas redes sociais é uma das maiores questões que rodeio meio tecnológico desde que a internet se tornou famosa as pessoas a vêem os anos dos mais variados modos. Em todos os cenários sempre haverá algo bom e ruim sobre a internet. De primeira o propósito parece uma maravilha pensando em sua complexidade e em como pode garantir coletividade de forma rápida e barata à globalização mas se você olhar de perto verá que este constância são pouco mais complicado do que parece isso acontece porque a internet criou um anonimato seguro ultimamente tornou se muito fato se esquivar das responsabilidades do que se fala por trás. De um apelido inventado ou de uma foto falsa. Essa simplicidade em se criar um perfil totalmente novo abriu as portas para algo mais perigoso. Também apelidado de ódio gratuito. De forma geral todo ode estalar espalhado pela internet torne prejudicial para quem veio ou para quem o compartilha e novamente problema agrado se ainda mais quando sendo uma consequência desastrosa amplificado do que já vivemos aqui fora o reflexo de um povo que esconde sua intolerante seus julgamentos hediondos em discursar juto liberdade de expressão.,acreditar redes sociais digitais ajudar aumentar posicoes extremista incentivo intolerancia redes sociais maiores questoes rodear meio tecnologico desde internet tornar famosa pessoas ver anos variar modo todos cenarios sempre haver algo bom ruim sobre internet primeira proposito parecer maravilha pensar complexidade garantir coletividade forma rapida barata globalizacao olhar perto ver constancia pouco complicar parecer acontecer internet criar anonimato seguro ultimamente tornar fato esquivar responsabilidades falir tras apelido inventar foto falsa simplicidade criar perfil totalmente novo abrir portas algo perigoso apelidar odio gratuito forma geral todo ode estalar espalhar internet tornar prejudicial veio compartilhar novamente problema agradar ainda sendo consequencia desastrosa amplificar viver aqui reflexo povo esconder intolerante julgamentos hediondo discursar juto liberdade expressao
7,Como filiais extremismo. Como sempre fez fio mais pelo menos últimos cinquenta anos fio meio relevo eles nao estao nem um como um como um café em linhas mais extremo acabava filial gema que aliás pela sociedade disse com as redes sociais não como que você vai ver que mais e mais diversificada estímulo na às vezes é muito maior do que ano. Fora isso esse diálogo é um processo natural que expressa quando você vem com um grupo religioso com pena de morte em uníssono isso ocorre com mais não são agentes de extremismo que recebo e vícios de sociais elas estimulam o debate e aí é a sociedade que não tem que aprender. Chegou o momento em que esse debate vai ser vai parecer mais acalorado menos apelo mais é uma coisa que não ocorria.,filiais extremismo sempre fazer fio menos ultimos cinquenta anos fio meio relevo nao estao cafe linhas extremo acabar filial gema alias sociedade dizer redes sociais diversificada estimulo s vezes maior ano dialogo processo natural expresso vir grupo religioso pena morte unissono ocorrer agentes extremismo receber vicios sociais estimular debate ai sociedade aprender chegar momento debate ser parecer acalorar menos apelo ocorrer
8,Como filiais extremismo. Como sempre fez fio mais pelo menos últimos cinquenta anos fio meio relevo eles nao estao nem um como um como um café em linhas mais extremo acabava filial gema que aliás pela sociedade disse com as redes sociais não como que você vai ver que mais e mais diversificada estímulo na às vezes é muito maior do que ano. Fora isso esse diálogo é um processo natural que expressa quando você vem com um grupo religioso com pena de morte em uníssono isso ocorre com mais não são agentes de extremismo que recebo e vícios de sociais elas estimulam o debate e aí é a sociedade que não tem que aprender. Chegou o momento em que esse debate vai ser vai parecer mais acalorado menos apelo mais é uma coisa que não ocorria.,filiais extremismo sempre fazer fio menos ultimos cinquenta anos fio meio relevo nao estao cafe linhas extremo acabar filial gema alias sociedade dizer redes sociais diversificada estimulo s vezes maior ano dialogo processo natural expresso vir grupo religioso pena morte unissono ocorrer agentes extremismo receber vicios sociais estimular debate ai sociedade aprender chegar momento debate ser parecer acalorar menos apelo ocorrer
9,Pior. É a questão é você acredita que as redes sociais digitais ajudam a aumentar as posições de ministros. O que você tem só esta opinião. Bem. Eu não acredito que o país. Mundo vamos dizer os campo mais abrangente vem passando por uma transformação de acesso a notícias e informações em pessoas de um modo nunca visto antes. É isso tem e tornando as pessoas muito to de dizer sim vulneráveis a tantas informações vindas de tantos lugares diferentes. É o que que o vive junto sem nisso vence volume de informações chegando de vários lugares de várias fontes e que várias perspectivas né um fato ilha transformado conforme a linguagem que é proposta na aquela notícia naquele leito me tio naquele e naquela foto do dos do insta aquela aquele fato a ele possa ser é visto com bons olhos do gerador. Da que ela anda que linda que a rede social tão um por exemplo é caiu um copo no restaurante na pessoa com um pelo twitter de que aquele como caiu o restaurante. Tá só isso mútuo mas na mático lance nossa garçon vai ser mandada embora porque caiu um copo no restaurante talvez uma outra pessoa valises mansa que pra gente nica bo comprar essa marca. Então um as variáveis das pessoas que geram mundo informa a informação sobre o fato é que transforma essas posições talvez em posições extremistas. Isso é uma verdade para tudo acredito que não. Acredito que. Essas posições extremistas    indivíduos ana não é um ela não pode ser considerada uma quis ver assim uma condição em. Sine com a não um para todos. Tão nos. O extremismo está muito vivo e não necessariamente nas redes sociais ...                    que ele pode não só através dos meios digitais mais através de seu seu comportamento diário ser extremista não os anos rio digitais relações só são um meio de propagação o principal ator de tudo isso. É a pessoa. Grande abraço meu amigo gregas.,pior questao acreditar redes sociais digitais ajudar aumentar posicoes ministros opiniao bem acreditar pais mundo vamos dizer campo abrangente vem passar transformacao acesso noticias informacoes pessoas modo nunca vestir antes tornar pessoas to dizer vulneraveis tantas informacoes vir tantos lugares diferentes viver junto vencer volume informacoes chegar varios lugares varias fontes varias perspectivas ne fato ilha transformar conforme linguagem proposto noticia leito tio foto instar fato possa ser vestir bons olhos gerador andar linda rede social exemplo cair copo restaurante pessoa twitter cair restaurante ta mutuo matico lance garcon ser mandar embora cair copo restaurante talvez outra pessoa valises mansa pra gente nica bo comprar marca entao variaveis pessoas gerar mundo informar informacao sobre fato transformar posicoes talvez posicoes extremistas verdade acredito acreditar posicoes extremistas     individuos ana ser considerar quis assim condicao sine todos extremismo vivo necessariamente redes sociais ...                     atraves meios digitais atraves comportamento diario ser extremista anos rio digitais relacoes meio propagacao principal ator pessoa grande abracar amigo gregas
10,Pior. É a questão é você acredita que as redes sociais digitais ajudam a aumentar as posições de ministros. O que você tem só esta opinião. Bem. Eu não acredito que o país. Mundo vamos dizer os campo mais abrangente vem passando por uma transformação de acesso a notícias e informações em pessoas de um modo nunca visto antes. É isso tem e tornando as pessoas muito to de dizer sim vulneráveis a tantas informações vindas de tantos lugares diferentes. É o que que o vive junto sem nisso vence volume de informações chegando de vários lugares de várias fontes e que várias perspectivas né um fato ilha transformado conforme a linguagem que é proposta na aquela notícia naquele leito me tio naquele e naquela foto do dos do insta aquela aquele fato a ele possa ser é visto com bons olhos do gerador. Da que ela anda que linda que a rede social tão um por exemplo é caiu um copo no restaurante na pessoa com um pelo twitter de que aquele como caiu o restaurante. Tá só isso mútuo mas na mático lance nossa garçon vai ser mandada embora porque caiu um copo no restaurante talvez uma outra pessoa valises mansa que pra gente nica bo comprar essa marca. Então um as variáveis das pessoas que geram mundo informa a informação sobre o fato é que transforma essas posições talvez em posições extremistas. Isso é uma verdade para tudo acredito que não. Acredito que. Essas posições extremistas    indivíduos ana não é um ela não pode ser considerada uma quis ver assim uma condição em. Sine com a não um para todos. Tão nos. O extremismo está muito vivo e não necessariamente nas redes sociais ...                    que ele pode não só através dos meios digitais mais através de seu seu comportamento diário ser extremista não os anos rio digitais relações só são um meio de propagação o principal ator de tudo isso. É a pessoa. Grande abraço meu amigo gregas.,pior questao acreditar redes sociais digitais ajudar aumentar posicoes ministros opiniao bem acreditar pais mundo vamos dizer campo abrangente vem passar transformacao acesso noticias informacoes pessoas modo nunca vestir antes tornar pessoas to dizer vulneraveis tantas informacoes vir tantos lugares diferentes viver junto vencer volume informacoes chegar varios lugares varias fontes varias perspectivas ne fato ilha transformar conforme linguagem proposto noticia leito tio foto instar fato possa ser vestir bons olhos gerador andar linda rede social exemplo cair copo restaurante pessoa twitter cair restaurante ta mutuo matico lance garcon ser mandar embora cair copo restaurante talvez outra pessoa valises mansa pra gente nica bo comprar marca entao variaveis pessoas gerar mundo informar informacao sobre fato transformar posicoes talvez posicoes extremistas verdade acredito acreditar posicoes extremistas     individuos ana ser considerar quis assim condicao sine todos extremismo vivo necessariamente redes sociais ...                     atraves meios digitais atraves comportamento diario ser extremista anos rio digitais relacoes meio propagacao principal ator pessoa grande abracar amigo gregas
11,De ano. Ontem. A mídia lá vem notificando múltiplos episódios de radicalismo. É radicalismo político que tem ocorrido em países do ocidente não apenas na europa. Mas também nos estados unidos e mesmo no brasil com o objetivo de em sair consiste em demonstrar uma história. Em bem especial a do século vinte. Que fornece limeira mentes que possibilitam uma melhor compreensão e acontecimentos recentes esse sentido é possível constatar que o que os pressupostos básicos a permitir o fortalecimento de legendas extremista seriam a existência de profunda crise só se econômica fragilidade no sistema de representação política de um país apoio das massas empréstimos dos das forças armadas. Ademais o estudo identifica que as ressonâncias tem fomentado uma polarização raivosa no âmbito político inclusive através e de manipulação. Os leais e de bate e debates este a chuva ati e oficializados. Lançados por robôs malignas por fim o trabalho revela que todo esse contexto tem resultado uma produção. Legislativas dotada de retro os retrocessos.,ano ontem midia la vem notificar multiplos episodios radicalismo radicalismo politico ocorrer paises ocidente apenas europa estados unidos brasil objetivo sair consistir demonstrar historia bem especial seculo vinte fornecer limeira mentes possibilitar melhor compreensao acontecimentos recentes sentido possivel constatar pressupostos basicos permitir fortalecimento legendas extremista existencia profunda crise economica fragilidade sistema representacao politica pais apoio massas emprestimos forcas armar ademais estudo identifica ressonancias fomentar polarizacao raivosa ambito politico inclusive atraves manipulacao leais bate debates chuva ati oficializar lancar robos malignas fim trabalho revelar todo contexto resultar producao legislativas dotar retro retrocessos
12,De ano. Ontem. A mídia lá vem notificando múltiplos episódios de radicalismo. É radicalismo político que tem ocorrido em países do ocidente não apenas na europa. Mas também nos estados unidos e mesmo no brasil com o objetivo de em sair consiste em demonstrar uma história. Em bem especial a do século vinte. Que fornece limeira mentes que possibilitam uma melhor compreensão e acontecimentos recentes esse sentido é possível constatar que o que os pressupostos básicos a permitir o fortalecimento de legendas extremista seriam a existência de profunda crise só se econômica fragilidade no sistema de representação política de um país apoio das massas empréstimos dos das forças armadas. Ademais o estudo identifica que as ressonâncias tem fomentado uma polarização raivosa no âmbito político inclusive através e de manipulação. Os leais e de bate e debates este a chuva ati e oficializados. Lançados por robôs malignas por fim o trabalho revela que todo esse contexto tem resultado uma produção. Legislativas dotada de retro os retrocessos.,ano ontem midia la vem notificar multiplos episodios radicalismo radicalismo politico ocorrer paises ocidente apenas europa estados unidos brasil objetivo sair consistir demonstrar historia bem especial seculo vinte fornecer limeira mentes possibilitar melhor compreensao acontecimentos recentes sentido possivel constatar pressupostos basicos permitir fortalecimento legendas extremista existencia profunda crise economica fragilidade sistema representacao politica pais apoio massas emprestimos forcas armar ademais estudo identifica ressonancias fomentar polarizacao raivosa ambito politico inclusive atraves manipulacao leais bate debates chuva ati oficializar lancar robos malignas fim trabalho revelar todo contexto resultar producao legislativas dotar retro retrocessos
13,É ver que em que sim porque o extremismo na é já vem de longa data e vinho para sociedades de eike também é a fé que na juventude com informações como chegar o extremismo e executar as. É um país fechado uso é o oriente  médio o extremismo está paralisado há que países de outras continente então é as outras culturas e não consegue.,extremismo vir longa data vinho sociedades eike fe juventude informacoes chegar extremismo executar pais fechar uso oriente   medio extremismo paralisar paises outras continente entao outras culturas conseguir
14,Concordo pois é há muitos anos. Alguns grupos na na internet. O que é incentiva sussurro os cada vez mais radical como. Grupo. Sage para calibre lanças pois tive. Vimos vários. É é cliente perigo são suas páginas. A minha opinião pois falar dos alunos através de barcos. Tudo que nós póstumo negado subdistribuidores. Quem segue mesmo nunca nega. Para que. Quem tem opinião contrária. No negativo. Sobre o país. Tão um. Até a país fazem leis os os que o desastre que seguissem. Muito. De estreante pasmo religião. Na minha opinião. Muito muito ruins isso. As pessoas não têm consciência.,concordo pois muitos anos alguns grupos internet incentivo sussurro cada vez radical grupo sage calibrar lancas pois vir varios cliente perigo paginas opiniao pois falar alunos atraves barcos postumo negar subdistribuidores seguir nunca negar opiniao contraria negativo sobre pais pais fazer leis desastre seguir estreante pasmo religiao opiniao ruins pessoas ter consciencia
15,"Boa tarde tudo bem  A pasta do bem em relação ao questionamento das posições extremistas  e das relações sociais.Você Eu efetivamente acredita acredito  que não tem né até porque se a gente imaginar a margem de lucro em relação ao aaa visibilidade é um nicho de conhecimento sobre ao total de informações que está disponível nessas redes sociais são diversas . Então uma pessoas que são uma pessoa extremista lá que vai buscar o que está em questão com aquilo que está condizente   com um sua realidade com sua consciência naquele momento tão então daqueles  acredito que não é quem está mais usando o que está mais propício que está mais à vista, sim mas que as pessoas que não têm essa veracidade  vertente não se separam disso não vão ter essa subjugação em relação a estremeça  extremismo bom brigada todos.","bom tarde bem   pasta bem relacao questionamento posicoes extremistas   relacoes sociais.voce efetivamente acreditar acredito   ne gente imaginar margem lucro relacao aaa visibilidade nicho conhecimento sobre total informacoes disponivel redes sociais diversas entao pessoas pessoa extremista la buscar questao condizente    realidade consciencia momento entao d   acredito usar propicio vista , pessoas ter veracidade   vertente separar d vao subjugacao relacao estremeca   extremismo bom brigada todos"
16,Sim eu acredito que as redes sociais ajudam a realizar os posições extremistas nos mais variados temas vemos que socorre produz potinhos os retrocessos passam sensação de que o posso escrever abertamente que o penso por isso se trata de apenas uma liberdade de expressão. É essa cabrum promovendo o encontro das pessoas que possuem as mesmas posições um determinado assunto. Os seja fazendo com que essas pessoas sem coragem ratificar o pensamento extremista pois a outros grupos que já podem. Há também o efeito manada. Que isso é uma situação em que um grupo de indivíduos reage de maneira semelhante mesmo que de forma racional somente por conta da pressão exercida pelo grupo também é um ano é um fator que irá acaba promovendo esses essas posições extremistas. É o de dia principalmente em época de eleição é muito comum ver os carros em que houve briga com alguém da família ou um amigo somente por conta de atos divergência de pensamento. Entra por um post alguma coisa nas redes sociais é bem comum isso é em fios e sociais que foram criadas para conectar as pessoas dos diversos cantos do planeta atualmente elas tão seu segundo papel totalmente o contrário.,acreditar redes sociais ajudam realizar posicoes extremistas variar temas vemos socorrer produzir potinhos retrocessos passar sensacao posso escrever abertamente penso tratar apenas liberdade expressao cabrum promover encontro pessoas possuir mesmas posicoes determinar assunto fazer pessoas coragem ratificar pensamento extremista pois outros grupos poder efeito manar situacao grupo individuos reage maneira semelhante forma racional somente conta pressao exercido grupo ano fator ira acaba promover posicoes extremistas dia principalmente epoca eleicao comum carros briga alguem familia amigo somente conta atos divergencia pensamento entrar post alguma redes sociais bem comum fios sociais criar conectar pessoas diversos cantos planeta atualmente segundo papel totalmente contrario
17,Eu acho que as redes sociais não digo bem ração fomentam um ou o extremismo ela só deixam ele explícito porque. Você vai ver uma postagem de algo que você acredita e lá você tem milhões de pessoas com a mesma idéia que tinham coragem um há anos. A tem isso mais fortes antes de você equity encorajam a a a falar aqueles absurdos é. Tocou com algum se suas extremismo de coisas absurdas na vergastou extremismo para minha absurdo mesmo os que as idéias que eu compactuo às que não extremismo fazem mal. Então acho que assim você tem a casca se estão apoiando tão curtindo aquelas coisas que você tá falando que são coisas exagerados que todo mundo tem um extremismo nem se com uma coisa que não aceita que nunca ouvi e aí você as pessoas que concordam com aquilo que te aplaudo em é é que dão mais nisso então isso encoraja deve ser pega es tiras das redes sociais e foi para as ruas e vai para vidas então acho que nesse sentido ela fomenta sim porque ela reforça isso e tem pessoas ali concordando est apoiando porque quando o assunto são os não apóiam se perde força. Pessoa fala puxa inflacionista concorda não comigo deste fica aquece e quando tem um monte de gente ali e a da hora lais clay clay que você fala não tão razão continuo pretensamente que pode no pensamento errado o vencimento ruim ante peter monte de gente falando não tá maravilhoso se continua e vai mais fundo então nós pressentido.,achar redes sociais dizer bem racao fomentar extremismo deixar explicito postagem algo acreditar la milhoes pessoas mesma ideia coragem anos fortes antes equity encorajar falar absurdos tocar algum extremismo absurdo vergastar extremismo absurdo ideias compactuar s extremismo fazer mal entao achar assim casca apoiar curtir ta falar exagerar todo mundo extremismo aceito nunca ouvi ai pessoas concordar aplaudo dar entao encoraja deve ser pego es tiras redes sociais ruas vidas entao achar sentido fomentar reforcar pessoas ali concordar est apoiar assunto apoiam perde forca pessoa falir puxa inflacionista concordar comigo d ficar aquecer monte gente ali hora lais clay clay falir razao continuar pretensamente pensamento errar vencimento ruim ante peter monte gente falar ta maravilhoso continuar fundir entao pressentir
18,Bom a as redes sociais fomento sem estrelismo de opinião por que isso é interessante tanto na questão de conhecer mais a pessoa que causa na rede social quanto na questão comercial também é assentos e elas têm com um padrão de usar os seus dados parte direcionar conteúdo então você tem tanto no aspecto social ponto comercial envolvido ou seja. A medida que você vai entra na rede social e você vai contando pessoas se interessa pelo mesmo assunto você tem a mesma opinião que os pontos parecida você vai adentrando e aderem do mais a essa a a é sa a rede social camas interessado nela e à medida que você da utilizando você vai passa no mais hábitos de consumo de vai saber o que você você que você que você reage vai direcionando outro conteúdo relacionado para que você ponto é se depressões contudo também esconso monetizar isso no comercial também envolvida e por isso essas reações mais passionais e sim engajamento acaba se auto alimentando a medida que a pessoa vai mais e mais e mais é entra nos dentro dessa visão radical do mundo.,bom redes sociais fomento estrelismo opiniao interessante tanto questao conhecer pessoa causar rede social quanto questao comercial assentos ter padrao usar dados partir direcionar conteudo entao tanto aspecto social ponto comercial envolver medida entrar rede social contar pessoas interessar assunto mesma opiniao pontos parecido adentrar aderir sa rede social camas interessar medida utilizar passar habitos consumo saber reage direcionando outro conteudo relacionar ponto depressoes contudo esconsar monetizar comercial envolvido reacoes passionais engajamento acabar auto alimentar medida pessoa entrar dentro d visao radical mundo
19,O ano em que você acredita que as redes sociais digitais podem aumentar como concessões extremas de fim de ano porque sustentar a opinião porque acho que tudo o que é publicado na internet ajuda na formação de opinião nas pessoas e com uma onda de fey que ninhos que nós TEMOS invadimos a internet acaba muitas vezes fomenta opiniões e que pessoas que não fazem uma validação de fontes de dados SÓ LEÊM E que acreditam em tudo o que lê e acabam sendo influenciadas por inflamadas em funções dessas matérias primas que AS VEZES são usadas apenas para ISSO PRA INFLAMAR OS EXTREMOS mostrar os resultados de quem ee aí a. gente leva essas atitudes exageradas NÉ em quem A GENTE vê posições hoje e é de todos os tipos de pensamento bastante e feministas exageradas que é um mal que a sociedade está vivendo nesse momento.De lá.,ano acreditar redes sociais digitais podem aumentar concessoes extremo fim ano sustentar opiniao achar publicar internet ajudar formacao opiniao pessoas onda fey ninhos invadir internet acaba muitas vezes fomentar opinioes pessoas fazer validacao fontes dados leem acreditar ler acabam sendo influenciar inflamadas funcoes d materias primas vezes usar apenas pra inflamar extremos mostrar resultados e ai a. gente levar atitudes exagerar ne gente ver posicoes hoje todos tipos pensamento bastante feministas exagerar mal sociedade viver momento.de la
20,"São você acredita que a rede social digital ELA ajuda a aumentar como posições extremistas.Sim porque.É por que a maioria dos grupos radicais ELES chegam antes da internet porque ELES estão fora dos jornais.A mídia na salada e a mídia VISTA no modo de exibição então ficam muito mais fáceis de você colocar informações quando você não é visto o que é mais importante e o que é desta forma NÓS nos tornamos mais radicais porque, por estarmos no escuro então, A GENTE CONSEGUE APLICAR as pessoas podem usar qualquer tipo de calarNós não temos medo de nada, então, o que as pessoas fazem com ISSO que tudo as pessoas ficam mais expostas a algum tipo de abuso emocional, porque as pessoas não se expõem então não tem problema, as pessoas não têm nenhum problema de TER medo de argumentar alguma coisa.","acreditar rede social digital ajudar aumentar posicoes extremistas.sim porque.e maioria grupos radicais chegar antes internet jornais.a midia salada midia vista modo exibicao entao ficar faceis colocar informacoes vestir importante d forma tornar radicais , estar escuro entao , gente conseguir aplicar pessoas podem usar qualquer tipo calarnos medo nada , entao , pessoas fazer pessoas ficar exposto algum tipo abuso emocional , pessoas expor entao problema , pessoas ter nenhum problema medo argumentar alguma"
21,"De.Você acredita que as redes sociais digitais podem aumentar como posições extremistas em francês POR que você TEM ESSA OPINIÃO acha EU que acho que é BEM mais fácil, pois as pessoas são mais E extremistas no mundo esses sinais QUE É EM no primeiro lugar em que muitos confundem a liberdade de expressão que todos lutam muito presente de poder falar ou que dá na telha.E eu tensa essa opinião POR que EU acredito QUE na internet como pessoas.Perdem ou medo da punição E do julgamento.Por conta do anonimato poucas pessoas dança do SABER seu endereço SEU nome poucas coisas essenciais NÉ e poucas pessoas realmente são penalizadas por serem extremistas em agentes e essa falta de punição encoraja muito essas AÇÕES.","de.voce acreditar redes sociais digitais podem aumentar posicoes extremista frances opiniao achar achar bem facil , pois pessoas extremistas mundo sinais primeiro lugar muitos confundir liberdade expressao todos lutar presente poder falar dar telha.e tensa opiniao acreditar internet pessoas.perdem medo punicao julgamento.por contar anonimato poucas pessoas dancar saber endereco nome poucas essenciais ne poucas pessoas realmente penalizar serem extremista agentes falta punicao encorajar acoes"
22,Acho que as redes sociais vêm deixando as pessoas mais extremistas sem. Porquê e é um mundo democrático onde as pessoas podem é colocar suas opiniões e muitas vezes é elas não estão um acostumadas ontem tem flexibilidade pretendeu pão de vista de outros pessoas de outras partes então um é acaba sendo um cenário pra prosternou certeza.,achar redes sociais vem deixar pessoas extremistas porque mundo democratico onde pessoas podem colocar opinioes muitas vezes acostumar ontem flexibilidade pretender pao vista outros pessoas outras partes entao acaba ser cenario pra prosternou certeza
23,Eu entendo que as mídias sociais elas são há um meio para esse extremismo. De modo que hoje as pessoas tem essa ferramenta e tem a a passividade de externar a sua horta opinião. O que a gente ver é um verdadeiro embate. Ana e as pessoas são extremamente para ele o rígidas no seu pensamento então o cão a democracia hoje. Eu vejo do seguinte. Democracia para discutir a sua opinião desde que não afete a minha a minha opinião é formada então esse extremismo. Que na verdade as faz parte do ser humano que hoje vêm à tona. Pelo fato do agente ter aí as mídias society sociais disponíveis cão é muito mais rápida muito mais fácil você externar sua opinião. Isso.,entender midias sociais meio extremismo modo hoje pessoas ferramenta passividade externar horta opiniao gente verdadeiro embate ana pessoas extremamente rigido pensamento entao cao democracia hoje ver seguinte democracia discutir opiniao desde afete opiniao formar entao extremismo verdade fazer parte ser humano hoje vir tona fato agente ai midias society sociais disponiveis cao rapida facil externar opiniao
24,Vamos lá é eu acredito que as rede sociais não deixam as pessoas mais prende as pessoas são extremistas por natureza ser uma obtém de hacer extremista em pontos de vistas de ações mas a rede social permite encoraja o ser humano a ser extremista. Perante os outros. Então coisas que antes o ser humano não teria coragem de passar a colega para outras pessoas pelo fato do anonimato e da segurança de ti não vai acontecer nada ele se encoraja arias colocar para fora a ações extremistas possíveis rocha que é isso.,ir la acreditar rede sociais deixar pessoas prender pessoas extremista natureza ser obtem hacer extremista pontos vistas acoes rede social permitir encoraja ser humano ser extremista perante outros entao antes ser humano coragem passar colega outras pessoas fato anonimato seguranca ti acontecer nada encorajar arias colocar acoes extremistas possiveis rocha
25,De. Bom eu acho que as redes sociais ajudam sim em aumentar as posições extremistas mas não só isso na é eu explico da seguinte forma elas ajudam por que é a disseminação de informação de uma forma indiscriminada é muito mais rápida as pessoas interagem por afinidades né então não tem pouca diversidade nas redes sociais. E a e e as informações elas não são refletidas né não não existe reflexão sobre isso então eu acredito que sim que as redes sociais ajudam nisso. É mas eu acredito também que as redes sociais têm potencial para a mudar a essas posições extremistas porém isso demanda um esforço maior em relação à pesquisa é é atenta a encontrar veracidade das situações que são expostos.,bom achar redes sociais ajudar aumentar posicoes extremistas explico seguinte forma ajudar disseminacao informacao forma indiscriminado rapida pessoas interagir afinidades ne entao pouca diversidade redes sociais informacoes refletidas ne existir reflexao sobre entao acreditar redes sociais ajudar acreditar redes sociais ter potencial mudar posicoes extremistas porem demandar esforco maior relacao pesquisa atenta encontrar veracidade situacoes exposto
26,Eu acredito que já possuem um posicionamento político é m o religioso formato não seja influenciado mas no caso. De pessoas é alienada as pessoas que já possuam esse posicionamento radical que admitem que as mídias podem sim teve papel de influenciar e também de fomentar este reposicionamento.,acreditar possuir posicionamento politico m religioso formato influenciar caso pessoas alienar pessoas possuir posicionamento radical admitir midias podem papel influenciar fomentar reposicionamento
27,É ver que em que sim porque o extremismo na é já vem de longa data e vinho para sociedades de eike também é a fé que na juventude com informações como chegar o extremismo e executar as. É um país fechado uso é o oriente  médio o extremismo está paralisado há que países de outras continente então é as outras culturas e não consegue.,extremismo vir longa data vinho sociedades eike fe juventude informacoes chegar extremismo executar pais fechar uso oriente   medio extremismo paralisar paises outras continente entao outras culturas conseguir
28,Concordo pois é há muitos anos. Alguns grupos na na internet. O que é incentiva sussurro os cada vez mais radical como. Grupo. Sage para calibre lanças pois tive. Vimos vários. É é cliente perigo são suas páginas. A minha opinião pois falar dos alunos através de barcos. Tudo que nós póstumo negado subdistribuidores. Quem segue mesmo nunca nega. Para que. Quem tem opinião contrária. No negativo. Sobre o país. Tão um. Até a país fazem leis os os que o desastre que seguissem. Muito. De estreante pasmo religião. Na minha opinião. Muito muito ruins isso. As pessoas não têm consciência.,concordo pois muitos anos alguns grupos internet incentivo sussurro cada vez radical grupo sage calibrar lancas pois vir varios cliente perigo paginas opiniao pois falar alunos atraves barcos postumo negar subdistribuidores seguir nunca negar opiniao contraria negativo sobre pais pais fazer leis desastre seguir estreante pasmo religiao opiniao ruins pessoas ter consciencia
29,Sem porque pulamos de um assunto para outros somos apresentados a mais e mais conteúdo apelativo sensacionalistas para manter para nos manter nas e de sociais no vício como resultados nos postos argumentos emocionais olha de cais e acabamos xingando ofendendo é pessoas nos e de sociais sem ao menos conhecêlos.,pular assunto outros apresentar conteudo apelativo sensacionalistas manter manter sociais vicio resultados postos argumentos emocionais olhar cais acabar xingando ofender pessoa sociais menos conhecelos
30,Olha eu acho que as redes sociais não têm deixado as pessoas mais extremistas mas ela tem dado voz de coragem para um público que não tem coragem de se expor e falar abertamente a sua opinião então as pessoas usam as redes sociais muitas vezes anomia anonimamente ou com um perfil falso expressando uma coisa que ela gostaria de dizer eu gostaria de fazer mas não tem coragem de ir de vir a público e se expor. E as redes sociais ela em poder era um público que ele muitas vezes é até perigoso for poder incentivar influenciar outras pessoas que vêm executável idéias que ela possa ter e aí essas atitudes acabam se tornando extremistas mas eu não sei se mais extremistas eu acho que só flora aquilo que a pessoa não consegue publicamente acaba dando poder para ela se expressar sem se expor é isso em.,olhar achar redes sociais tem deixar pessoas extremistas dar voz coragem publico coragem expor falar abertamente opiniao entao pessoas usar redes sociais muitas vezes anomia anonimamente perfil falso expressar gostar dizer gostar fazer coragem ir ver publico expor redes sociais poder publico muitas vezes perigoso poder incentivar influenciar outras pessoas vir executavel ideias possa ai atitudes acabam tornar extremistas saber extremistas achar florir pessoa conseguir publicamente acaba dar poder expressar expor
31,O indica então é n eu pensei bastante nesse um tema que você colocou. Um um já fiz vários argumentos e contras é argumentos aqui na minha cabeça. E a conclusão que chego é que não. Não são as redes sociais que estão deixando as pessoas extremistas eu acho que esse uma condição de ser humano e e o que acontece é que a rede social veja como funciona o escudo para as pessoas que já tem esse sentimento extremista. Então ela se usa desse escudo para atacar. Ma é es o extremismo é uma condição do ser humano é ele e que tenha liberdade de escolher em acreditar naquilo que lê ou pesquisar e entendesse o que ele tá lenda real e i formulada cisão de tão não não são as redes sociais é o ser humano é ele que. Que toma a decisão.,indicar entao pensar bastante tema colocar fazer varios argumentos contras argumento aqui cabeca conclusao chego redes sociais deixar pessoas extremistas achar condicao ser humano acontecer rede social ver funcionar escudo pessoas sentimento extremista entao usar d escudo atacar ma es extremismo condicao ser humano liberdade escolher acreditar ler pesquisar entender ta lenda real i formular cisao redes sociais ser humano tomar decisao
32,Bom acho que sim as que. Dês dos primórdios da internet a foi o maior de visor né de águas há tanto para a informação quanto para comunicação e para tudo mais e com isso abriu várias brechas para que houvessem a debates mais abertos né entre aspas sobre diversos assuntos diversos assuntos tornaram é se tornaram mais acessíveis né e com isso as divergências de opiniões acabaram um a se tornando um pouco mais públicas e por se tornarem públicas de certa forma a. A expressão um é a forma de de argumentar a cabul se tornando pública também não muitas não na na maioria dos vezes né. É sem do agressiva né sendo então de agressão de de formação de preconceito e de tudo mais internet da mesma forma como ela veio pra para unir né ela também separou é as pessoas por diversas coisas é ótico como a as opiniões e a galera realmente defende e de uma maneira muito o ríspida e tenta impor à opinião e a visão de qualquer jeito de respeitando todas as pessoas.,bom achar des primordios internet maior visor ne aguas tanto informacao quanto comunicacao abrir varias brechas debates aberto ne aspas sobre diversos assuntos diversos assuntos tornar tornar acessiveis ne divergencias opinioes acabar tornar pouco publicas tornar publicas certa forma a. expressao forma argumentar cabul tornar publica muitas maioria vezes ne agressivo ne sendo entao agressao formacao preconceito internet mesma forma vir pra unir ne separar pessoas diversas otico opinioes galera realmente defender maneira rispido tentar impor opiniao visao qualquer jeito respeitar todas pessoas
33,Bom eu acho que as pessoas na internet elas ficam mais extremistas e tem vários fatores é que fazem elas ficarem mas extremistas um deles é que a se essas pessoas elas tenho não ela ela tem uma crença é sob tal situação a internet elas vão procurar ele grupos ou pessoas demos uma crença elas encontrando esse tipo de pessoa isso vai fortalecer a a e da tela e mimi que valida a ideia dela mesmo sendo uma coisa negativa de agente vê no caso por exemplo a ana bombom suscitar ou com caso mais extremista como nazismo na no caso em pessoas que acreditam nisso que uma coisa totalmente negativa e é interrompe internet usar um grupo relacionado este d pois eles acabam achando outras pessoas quinze de cão também nessa coisa negativa isso dá mais força para ele de presente eles não tão sozinhos na. Isso ou a contas para várias coisas não só para coisas positivas para coisas negativas também e ele. Tanto propositivo governativas pessoa se tornam sim mas extremistas na. Elas o ano de mais aquela coisa neri possam mais ainda e tal o lance o day mas vi começam a até a aquele agir né agir daquela forma pelas acham que é correto é mas quem interessa assim da augusta entre as pessoas da até porque elas não tão cara a cara com as das pessoas na então isso válida bastante a e a a ideia da nossa acharem que estoque é tranquilo.,bom achar pessoas internet ficar extremistas varios fatores fazer ficar extremista d pessoas crenca sob tal situacao internet vao procurar grupos pessoas demo crenca encontrar tipo pessoa fortalecer tela mimi valido ideia d ser negativa agente ver caso exemplo ana bombom suscitar caso extremista nazismo caso pessoas acreditar totalmente negativa interrompe internet usar grupo relacionar d pois acabam achar outras pessoas quinze cao negativa dar forca presente sozinhos contas varias positivas negativas tanto propositivo governativas pessoa tornar extremistas ano neri possam ainda tal lance day vi comedir agir ne agir d forma achar correto interessar assim augusta pessoas caro cara pessoas entao valido bastante ideia achar estoque tranquilo
34,Para se ótico extremismo então muito concessões reais ano por conta do mato que as permite ente poetizando a liberdade expressão como instrumento para divulgar mas a de ódio ou se mesmos que acaba só aumentando em muitas dessas ritos sais também é razões põe limites filtro cruzar os poços que. Só faz facilita com que as mensagens de ódio submisso divulgados. Espelho junto a tudo isso com um falso irmã uma regulamentação mais rígida de punição para quem comete crime virtual. A tendência que se acabe apenas aumentando com o tempo de paul. Postam exemplos eu da falta de o de punição. Dá aquela alma expor-se pode não ser chefe do valentina que. De onze unidades foi sediada virtualmente por muitos pessoas. Consegui para molecada ou entrou na justiça da justiça e o juiz coloque no ar dá seguimento à ação porque eu tinha assuntos mais importantes para a ampla se julgado que o caso dela. Nisso aceso sai do local os turnos por curral mesmo para que os extremistas de vômitos idéias e e as que pior que isso que acabe funciona pessoa com cursos discursos de ódio machismo o racismo. Egito fobia essas outros réus que esforço como se fossem liberados pressão e é isso.,otico extremismo entao concessoes reais ano conta mato permitir ente poetizar liberdade expressao instrumento divulgar odio mesmo acaba aumentar muitas d ritos sais razoes por limites filtrar cruzar pocos fazer facilita mensagens odio submisso divulgar espelho junto falso irma regulamentacao rigido punicao comete crime virtual tendencia acabar apenas aumentar tempo paul postar exemplos falta punicao dar alma expor-se ser chefe valentina onze unidades sediar virtualmente muitos pessoas conseguir molecada entrar justica justica juiz coloque ar dar seguimento acao assuntos importantes ampla julgado caso d aceso sair local turnos curral extremistas vomitos ideias pior acabar funcionar pessoa cursos discursos odio machismo racismo egito fobia outros reus esforcar liberar pressao
35,Eu acredito sim que as redes sociais digitais a é aumentam a é os as posições extremistas mas não por nada intrínseco na nas redes sociais em si mas pelo fato de são um meio de comunicação muito mais rápido do que do que nós estávamos acostumados rica e que antes na imprensa tradicional a é existe uma credibilidade de fontes e um trabalho é jornalístico muito é intenso antes das das informações geralmente chegaram não chegar nas pessoas e antes de antes da é de dessa forma as pessoas nas celas a fonte não fosse confiáveis ser a mim tira força uma mentira ou alguma coisa muito enviesada afonso a fonte perdia credibilidade o veículo de comunicação por de credibilidade e agora com a ana nas redes sociais o conteúdo gerado muito rápido e é uma concorrida muito grandes de entregar a informação. E isso o faz com que as informações chegam muito rápido nas pessoas e gera um efeito manada muito grande e as pessoas vão criando opiniões muito rápido e e não tem essa é não são educadas ainda para. Desconfiar mais do que lei de tão senso crítico de desconfiar ela simplesmente acreditam na v e é começo acreditavas eras ferozmente na nas coisas que leem e aí co com isso acaba gerando muitas divergências na re com e com essas divergências como é que essa falta de de de educação e de ter senso crítico e de questionar as coisas pessoas não mudam mais idéia na então elas acreditam numa coisa que apareceu que ele não tem fundamento nenhum e vão entrando num abismo ali com um monte de conteúdo com muita informação de uma vez e não consegue mais sair dele porque não questionam as coisas tão as que têm mais a ver com o com a velocidade de informação e credibilidade da informação não só na rede social que agora o o veículo não é mais um no meio de comunicação jornalística.,acreditar redes sociais digitais aumentar posicoes extremistas nada intrinseco redes sociais si fato meio comunicacao rapido acostumar rica antes imprensa tradicional existir credibilidade fontes trabalho jornalistico intenso antes informacoes geralmente chegar chegar pessoas antes antes d forma pessoas celas fonte confiaveis ser mim tira forcar mentira alguma enviesar afonso fonte perder credibilidade veiculo comunicacao credibilidade agora ana redes sociais conteudo gerar rapido concorrido grandes entregar informacao fazer informacoes chegar rapido pessoas gerar efeito manar grande pessoas vao criar opinioes rapido educar ainda desconfiar lei senso critico desconfiar simplesmente acreditar v comeco acreditavas eras ferozmente leem ai co acaba gerar muitas divergencias re divergencias falta educacao senso critico questionar pessoas mudar ideia entao acreditar aparecer fundamento nenhum vao entrar abismo ali monte conteudo muita informacao vez conseguir sair d questionar ter velocidade informacao credibilidade informacao rede social agora veiculo meio comunicacao jornalistica
36,Sim eu acredito que as redes sociais de tais ajudou aumentar posições extremistas. Eu acredito desse fato. Por conta das redes sociais permitirem que indivíduos de. Opiniões semelhantes entrem contato independentemente das barreiras geográficas. Isso faz com que e as pessoas conversem não existem vários estudos cognitivo de violinistas psicológicos em geral. Que apontam que pessoas que têm uma opinião semelhante quando conversam sobre esse assunto. Tem mais certeza de sua própria opinião e ficam mais radicais em relação ao assunto discutidos. Portanto o só esse fato das redes sociais digitais colocarem pessoas de opiniões semelhantes em contato. A é a independentemente da distância geográfica já de alguma forma. Crie uma tendência a extremos outra coisa é que ao permitir espaço virtual. De que qualquer um pode dizer alguma coisa você não tem mais. A pressão de grupos. Que teria. Os na em relação ao meio social que absorve tão cedo só haviam meio social digamos democrático. E ela ter opiniões ante democráticos ela não externa sua opinião desse meio democrático porque ela sofreria represálias na internet por conta da distância das possibilidades enormidade e por conta do que o acabei de citar de colocar a pessoas de opiniões semelhantes em contato independentemente das sanções. Isso facilita a a exposição de opiniões radicais ou extremistas que não seriam aceitas na maior parte ou ao menos em determinados meios sociais.,acreditar redes sociais tais ajudar aumentar posicoes extremistas acreditar d fato conta redes sociais permitir individuo opinioes semelhantes entrar contato independentemente barreiras geograficas fazer pessoas conversem existir varios estudos cognitivo violinistas psicologicos geral apontar pessoas ter opiniao semelhante conversar sobre assunto certeza propria opiniao ficar radicais relacao assunto discutir portanto fato redes sociais digitais colocar pessoas opinioes semelhantes contato independentemente distancia geografica alguma forma crie tendencia extremo outra permitir espaco virtual qualquer dizer alguma pressao grupos relacao meio social absorver cedo haver meio social dizer democratico opinioes ante democraticos externo opiniao d meio democratico sofrer represalias internet conta distancia possibilidades enormidade conta acabar citar colocar pessoas opinioes semelhantes contato independentemente sancoes facilita exposicao opinioes radicais extremistas aceito maior parte menos determinar meios sociais
37,Sim acredito que as ressocializar de tais ajudem a aumentar as posições extremistas pelo fato essas opiniões que antes poderiam ficar para um meio um grupo de pessoas específicos hoje com a facilidade da internet o acesso às redes sociais por todos um número maior de pessoas possam se identificar compactamente de propagar os em escala gigantesca e por pessoas se sentirem seguras usando identidades ocultas passam a expressar suas idéias e até aumentar o desenvolvimento de atividades de transmissão de conhecimentos que antes eram restrito algum determinado grupo de pessoas creio que orientações diversas são passados através desse meio aqui identifique pois a internet tornou são importante ferramenta tecnológica para todos inclusive a quem tem pensamentos e opiniões extremistas aumentando assim o alcance de um número maior de pessoas com as mesmas idéias porém a meu ver não dá ainda para determinar a capacidade real das redes para a promoção de ações em um processo de radicalização de indivíduos que participam dessas comunidades virtuais e de interessados em praticar a posição extremista contra qualquer tipo de idéia contrária.,acreditar ressocializar tais ajudem aumentar posicoes extremista fato opinioes antes poderiam ficar meio grupo pessoas especificos hoje facilidade internet acesso s redes sociais todos numero maior pessoas possam identificar compactamente propagar escala gigantesca pessoas sentir seguras usar identidades ocultas passam expressar ideias aumentar desenvolvimento atividades transmissao conhecimentos antes restrito algum determinar grupo pessoas crer orientacoes diversas passar atraves d meio aqui identifique pois internet tornar importante ferramenta tecnologica todos inclusive pensamentos opinioes extremistas aumentar assim alcance numero maior pessoas mesmas ideias porem dar ainda determinar capacidade real redes promocao acoes processo radicalizacao individuos participar d comunidades virtuais interessados praticar posicao extremista contra qualquer tipo ideia contraria
38,O número de agentes sociais o mundo os usam algoritmos para é já definiu que você suas pendências de preferência cães só vai mostrar para vocês o que você ir para a série os tios e a doação de uma santa maneira você já fica sentenciado canalizam a haverá extremista com um lado do que na rede social não são tão na cara a cara com ninguém você não para. Presencialmente com ninguém nação não jeito de você escancarar o que você acha de uma maneira agressiva com os a adrian de repente não mais que o seu jornal.,numero agentes sociais mundo usar algoritmos definir pendencias preferencia caes mostrar ir serie tios doacao santa maneira fica sentenciar canalizar haver extremista lado rede social cara cara ninguem presencialmente ninguem nacao jeito escancarar achar maneira agressiva adrian repente jornal
39,Com. Cara eu acha sim porque erro galera fica atrás do computador e ai geralmente você não tá vendo outra pessoa e ai fica mais fácil escamento para você eles onça contrário então iniciar uma discussão. Ele também. É tudo muito mais no mais superficial você não tem. Certeza daquilo que você talento tanto do pouco mais complicadas e as pessoas começa a discutir se ela se conhecerem. Rio a fissão muito chata. Quis sim em posições de ministros são reforçadas pelas mídias sociais. Mesmo porque as pessoas às pode colocar tudo a semsa é consequência alguns. Em acabar eu acho que as mídias sociais contribuem muito para isso. É uma coisa complicada ática gente tem que aprender a viver com as mídias sociais ainda para reduzir essas posições extremistas que existem atualmente.,cara achar erro galera ficar atras computador ai geralmente ta ver outra pessoa ai ficar facil escamento onca contrario entao iniciar discussao superficial certeza d talento tanto pouco complicadas pessoas comeca discutir conhecer rio fissao chata querer posicoes ministros reforcar midias sociais pessoas s colocar semsa consequencia alguns acabar achar midias sociais contribuir complicar atica gente aprender viver midias sociais ainda reduzir posicoes extremistas existir atualmente
40,Dança sinhó acredita que as redes sociais hoje o ajudam a aumento das posições extremistas pois hoje qualquer pessoa pode ser famosa o que a pressão pode de centenas ou milhares de seguidores e tem dessas pessoas. Ainda mais sem uma validação maior do que cada conteúdo é ou com as regras de cada rede social pessoal pode. Falar ela pode ela pode dividir a opinião que ela quis é esse diversos seguidores vão escutar seja ela radical seja ela não é e muitas vezes compartilhar aumentando mais ainda sua rede. De pessoas que compartilham do mesmo ideal. Se a se sociais essam trabalho. Com um talvez um pouco mais de censura ou pelo menos um pouco mais de que cor nas contos posição uma cuidado com cada pessoa posso pró aumente o alcance de posições extremistas elas seriam muitos menores.,danca sinho acreditar redes sociais hoje ajudar aumento posicoes extremistas pois hoje qualquer pessoa ser famosa pressao centenas milhares seguidores d pessoas ainda validacao maior cada conteudo regras cada rede social pessoal falar dividir opiniao querer diversos seguidores vao escutar radical muitas vezes compartilhar aumentar ainda rede pessoas compartilhar ideal social essam trabalho talvez pouco censura menos pouco cor contos posicao cuidado cada pessoa posso pro aumente alcance posicoes extremistas muitos menores
